First Name,E Mail,Father's Name,Mother's Name,Place Name
Lois,lois.walker@hotmail.com,Donald Walker,Helen Walker,Denver
Brenda,brenda.robinson@gmail.com,Raymond Robinson,Judy Robinson,Stonewall
Joe,joe.robinson@gmail.com,Scott Robinson,Stephanie Robinson,Michigantown
Diane,diane.evans@yahoo.com,Jason Evans,Michelle Evans,Hydetown
Benjamin,benjamin.russell@charter.net,Gregory Russell,Elizabeth Russell,Fremont
Patrick,patrick.bailey@aol.com,Ralph Bailey,Laura Bailey,Macksburg
Nancy,nancy.baker@bp.com,Scott Baker,Judy Baker,Atlanta
Carol,carol.murphy@gmail.com,Eugene Murphy,Katherine Murphy,Blanchester
Frances,frances.young@gmail.com,Fred Young,Lillian Young,Delmita
Diana,diana.peterson@hotmail.co.uk,Jonathan Peterson,Christina Peterson,Eureka Springs
Ralph,ralph.flores@yahoo.com,Terry Flores,Michelle Flores,Sabetha
Jack,jack.alexander@gmail.com,Samuel Alexander,Sharon Alexander,Las Vegas
Melissa,melissa.king@comcast.net,Philip King,Maria King,New Matamoras
Wayne,wayne.watson@gmail.com,Ronald Watson,Margaret Watson,Maida
Cheryl,cheryl.scott@gmail.com,Richard Scott,Lois Scott,Quecreek
Paula,paula.diaz@gmail.com,Alan Diaz,Kathryn Diaz,Beulaville
Joshua,joshua.stewart@yahoo.ca,Todd Stewart,Martha Stewart,New Douglas
Theresa,theresa.lee@gmail.com,John Lee,Rebecca Lee,Toeterville
Julia,julia.scott@apple.com,Lawrence Scott,Amy Scott,Primm Springs